x,y,z,cluster
7.322426773,-9.09149074,4.434422946,1
4.468376379,-3.423931035,5.789985582,1
4.931895698,5.085039861,9.925350128,1
5.779263577,3.676983963,5.453261649,1
1.798282835,7.400238091,6.368287215,1
-4.171563529,-9.734542522,0.376832676,1
5.653729303,-1.888530345,7.426150676,1
12.55167979,2.16660216,8.370259225,1
12.46622591,-0.870989825,5.672968922,1
6.340458099,0.47822869,5.274058997,1
11.27054975,-4.612602027,5.570510991,1
12.58638754,0.295711848,9.777616083,1
5.405995689,-2.310936102,0.91512464,1
-5.023220813,-9.216564555,0.88359592,1
-8.846725023,-4.416310892,7.930632981,1
4.036181552,6.040570124,9.45390865,1
4.482576214,-10.48140067,7.915848438,1
-3.838920127,-9.908239252,5.079163173,1
-0.530634172,-10.93421444,7.481856507,1
4.900060314,-2.982577605,3.864340661,1
5.892185293,-9.91292042,2.271412322,1
-1.221344331,7.913416323,1.034057052,1
-6.982255352,5.313721406,5.098360584,1
6.345235766,1.436694759,6.430303939,1
11.85623374,5.299461934,0.845660777,1
6.338044191,1.529450811,8.394185097,1
3.150714166,6.712458317,0.47042761,1
3.942675588,-3.848836166,9.778962699,1
-9.226937006,1.160635728,5.417008959,1
11.52986362,-4.069758725,3.942643988,1
-1.000643312,-10.85766157,8.211729806,1
1.207406291,-11.03868429,4.796342051,1
11.08931138,-4.95536817,9.212026419,1
2.807021635,-10.89190889,8.663582427,1
11.62219386,-3.858171136,9.831972842,1
10.1658889,-6.386377339,8.698081849,1
3.426987311,6.525206372,7.88364005,1
4.891426459,-2.992411155,4.489692985,1
3.749966257,-10.69442295,2.839044093,1
-8.691403936,-4.801494184,6.068187053,1
-7.454880784,4.778279419,2.07869824,1
-9.399186609,0.217028833,5.962318445,1
3.374953239,6.561892185,8.329176167,1
1.524505086,7.500077096,5.919894816,1
-9.093623069,1.661140596,4.147509171,1
-2.637777652,-10.41889104,7.318966251,1
6.661675767,-9.504833895,3.372277499,1
1.903636506,-11.00342829,4.558019023,1
-7.911609207,4.163655062,0.300477301,1
5.747716961,3.746265641,4.006016147,1
6.232926027,-9.741387203,2.123296596,1
7.377594714,-9.054116196,6.255360374,1
4.478699815,5.612523561,4.617952819,1
5.842621491,3.531185617,4.707448171,1
6.338549817,1.523454968,5.729946494,1
9.269700863,-7.445596217,8.210908161,1
2.255518694,-4.64578609,0.975938458,1
-0.088732022,7.864762849,8.355481224,1
-6.166797317,-8.321989486,1.272052412,1
11.11270394,-4.912586135,7.434082078,1
-9.280095584,0.921834269,3.413139393,1
-1.085301114,-10.84161488,3.955684521,1
-7.904836264,-6.280629384,7.512334168,1
12.09303201,-2.548558839,5.673797906,1
-9.227195823,-3.166296646,0.623884639,1
-8.807450441,2.48094349,6.096492489,1
12.59653697,0.510546163,6.81815244,1
4.93072563,5.086545666,4.000231382,1
6.167019882,2.557531481,4.034030221,1
12.40931247,-1.215678169,9.544551435,1
-6.172124487,-8.317180437,3.781531358,1
-8.669297747,-4.852752645,8.830007287,1
-8.542132481,3.076113206,9.159479321,1
5.998332261,-1.110094724,7.388198799,1
0.900617596,7.68472364,8.488292603,1
-8.390747583,3.371379223,5.868949483,1
5.06095232,-2.790499951,0.653971655,1
-9.319528156,0.722038336,2.5304109,1
6.27144703,2.056697145,0.299432341,1
5.010125136,-2.853056929,7.356800765,1
-9.374378058,0.394801377,6.361572971,1
1.651306712,7.455319494,7.126995553,1
5.554963627,4.130974437,3.64554062,1
-5.378590963,-8.965621086,4.628185206,1
2.010522421,-4.704654695,6.755585414,1
-9.145598919,-3.491726132,7.000625301,1
-7.302121385,4.961120438,6.313376979,1
4.33933274,-10.52728663,0.65807913,1
-9.018006941,-3.925475069,1.941468108,1
6.228171785,-0.298373697,7.694741173,1
2.407378705,7.133216748,4.800610826,1
12.56499937,2.01301957,7.2745131,1
-8.439207521,-5.344788538,2.22815444,1
-7.213216229,-7.227549935,4.863281071,1
-4.713663822,-9.417765116,2.265376551,1
5.327257773,-2.429877431,9.106638916,1
6.1997931,-0.426740374,6.781544033,1
-3.39227912,-10.11860275,9.969519621,1
-5.84149796,6.312525934,5.049655458,1
10.15589427,-6.399670064,3.367514487,1
4.581059555,5.502278579,9.098960874,1
4.42086863,5.67279044,0.261849428,1
-3.342441767,-10.14052151,6.938243913,1
5.627440534,-1.93742566,1.551859835,1
-4.26021532,-9.685673126,6.192410777,1
1.656015246,-4.767283566,9.316291201,1
-6.895619825,-7.595089206,1.522418384,1
2.797462198,-4.468291523,2.796310801,1
5.483407158,-2.187434921,8.327259002,1
11.5473157,-4.030591216,3.049856706,1
-5.181230928,6.749279336,7.066311175,1
3.619544724,-4.061511561,1.120159088,1
6.358794274,0.820565729,4.475206577,1
-3.890047891,-9.882513528,7.64114043,1
0.783236111,-11.03865755,4.996911869,1
4.935290558,-2.941970754,3.721484274,1
-7.754078683,-6.507641474,2.978470542,1
-0.572460754,-10.92825509,1.322946807,1
6.338709564,1.521546631,8.239500416,1
10.87002816,-5.337810827,3.861519413,1
0.661522653,7.740510152,1.04957202,1
12.14050592,-2.384398494,9.660290324,1
3.363872727,-4.207412099,4.189049052,1
12.19440624,4.20254345,1.597678571,1
8.470149204,-8.210642769,5.141283905,2
-8.988862123,-4.015207127,1.013815971,2
6.308492909,1.806732508,3.407718558,2
8.526413393,-8.161338332,1.921875014,2
2.546640606,-4.558744409,1.841661697,2
-8.204404846,-5.785153281,3.182992733,2
-4.417924823,7.152911593,4.811048571,2
-6.948176036,5.349090982,6.161549827,2
0.835277203,7.700769888,9.162784892,2
3.369985865,-4.204139257,2.921965164,2
-8.500507594,3.160012854,8.980408998,2
5.213148309,-2.59167093,4.473643305,2
9.215097295,-7.502594803,2.483325202,2
-5.176323733,-9.111169549,2.932226814,2
-8.089542446,-5.982861137,6.586375705,2
-8.130438316,-5.913654749,4.087383177,2
-8.763616468,2.587650809,8.865883737,2
-3.943337584,-9.855329331,3.956037464,2
4.355791055,-3.524191013,6.080862228,2
2.423348495,-4.597914065,4.503468676,2
-8.765519797,-4.62351091,3.567887789,2
-5.916578252,-8.540514038,2.529624717,2
6.307787027,1.812211444,0.948617035,2
-7.151415864,5.132061861,0.282029656,2
3.099205003,-4.339498833,7.813494441,2
5.568964941,-2.042389837,3.715658491,2
-8.674857727,-4.839935202,7.307149312,2
-9.148361704,-3.481438712,9.375003062,2
-9.336839876,-2.625132178,6.989542802,2
-7.834629664,-6.388009243,9.1098659,2
-1.86216886,7.869016786,0.980681463,2
5.718530733,3.808591374,3.837447818,2
12.34971703,-1.524951347,7.383802352,2
1.228403645,7.59493068,6.722392046,2
6.011640529,3.085967277,1.517557804,2
-2.696295425,7.732888135,5.537267299,2
6.152714859,2.613826798,7.154879798,2
3.94239685,-3.849034266,2.324425045,2
2.004432718,-4.705954042,7.779579249,2
10.98673177,-5.138304169,2.267707023,2
12.60501935,1.148543031,0.837745282,2
6.312271429,1.776753055,7.028063359,2
6.065631859,-0.912442566,7.051349177,2
1.851364961,-4.73603507,2.691933776,2
-6.549508109,5.73507369,9.559173943,2
5.61740941,-10.04113397,1.032888102,2
-8.493758104,3.173413816,7.384735146,2
6.017145548,3.06968602,3.565277937,2
-4.873334197,6.924238837,2.806307951,2
12.42754712,-1.111594956,8.504909356,2
-7.023162863,-7.451722422,5.396655607,2
-4.892876703,6.913637674,8.13618842,2
5.124702681,4.824617827,3.175462987,2
1.458322451,7.522440416,5.900318227,2
6.270708922,2.061079395,5.370094818,2
5.651807601,-10.02556541,7.017242401,2
4.778484799,-10.37991428,6.006382457,2
3.633854248,-10.72332269,5.758135449,2
12.18811913,4.22661531,3.530293694,2
-9.4088957,0.13968885,5.127991324,2
5.355122932,4.476011101,1.675020892,2
11.38363283,-4.384305345,0.169706149,2
6.246862886,-0.205803746,3.067027342,2
2.340672081,-4.622274024,3.781260655,2
6.865893812,-9.383629709,3.283213708,2
-6.175854271,-8.313809402,3.330752403,2
-8.350799388,3.445053399,7.324105832,2
5.191048895,4.728826268,7.330693633,2
6.175508175,-0.52740982,5.88447792,2
12.08012091,4.613747472,1.709334434,2
4.352082895,5.742669141,5.140521259,2
12.44903244,-0.981676418,6.735059959,2
5.162557154,4.770383338,8.14804381,2
5.086803134,4.877840397,2.964651452,2
-2.934781742,7.677291599,7.175498006,2
5.294718779,4.571909879,1.777119441,2
-8.120014583,3.84155632,7.885919698,2
5.923643838,3.32955397,2.004102045,2
6.058752852,-0.933715087,1.447365247,2
-8.594826027,2.966645878,1.237787574,2
3.27479601,-4.25394571,2.195716172,2
6.359718191,0.860289618,6.336834882,2
4.790750432,-10.37551026,6.193552527,2
-7.909740028,-6.273016095,7.112008613,2
-2.361119921,7.798375815,9.197704964,2
9.739316386,-6.921860124,5.436514681,2
3.103005581,-10.83897717,9.467039816,2
4.855541947,-3.032795738,5.487360514,2
-0.445132054,7.897749657,3.204028967,2
12.35373333,3.512541536,6.359502624,2
-2.727999997,7.725931857,9.787844685,2
6.032016293,3.024998249,6.142632475,2
6.062942284,2.928495023,1.769914625,2
-8.24620341,-5.710531247,7.829829687,2
5.923231023,-1.307776751,7.600645248,2
3.83309618,6.214180793,0.974242694,2
-9.474335165,-1.23146783,3.810130912,2
12.42844664,3.109506583,3.295590212,2
6.249288269,-0.193229539,9.012537042,2
5.845080225,-1.493879758,4.014574746,2
-8.106643464,-5.954075994,3.677772684,2
-9.437370529,-0.126899798,2.646096637,2
-9.476960129,-1.074136682,2.144831286,2
-6.907807155,-7.581622458,1.662009542,2
11.57052493,-3.977920424,1.953235518,2
10.85539166,-5.36222611,1.054147766,2
1.427153584,7.532738356,6.833352565,2
8.224716579,-8.418500764,5.744901462,2
-8.22221369,-5.753542622,5.379074952,2
5.349965205,4.484337141,6.629464463,2
6.141254199,2.657497802,0.640321581,2
-0.865577295,-10.88182684,5.769642056,2
2.971573746,-4.396718854,9.788651627,2
5.5143281,-2.136110768,3.718041603,2
7.972792812,-8.620238249,0.251812153,2
-7.819985903,-6.410034809,2.122890644,2
-4.849892551,-9.331132267,8.943948359,2
1.960635851,7.335291869,4.906064863,2
4.649183646,-3.250816064,5.358943311,2
-4.322505948,7.196512929,6.22605487,2
-7.932510318,-6.237465355,0.178779955,2
5.313729545,4.542101765,3.797678784,2
-0.898445623,-10.87610817,6.411428091,2
2.917244314,-4.419844552,5.096284116,2
-9.472330846,-1.30141413,0.866126353,2
-1.175622166,7.914605653,1.175156354,3
-8.796950167,-4.544938003,7.902136135,3
-9.316409739,0.738719443,1.589624851,3
-7.899353604,-6.289123623,2.046738372,3
-8.137454485,3.813168209,0.192698196,3
-5.600083819,-8.797562867,1.69129859,3
-7.224649722,5.050113751,2.030791501,3
-6.25614156,5.98965756,2.648944841,3
6.283825267,-9.714535475,4.981379574,3
5.829373428,-1.529266565,0.181337385,3
-7.854789184,-6.357480457,5.35402711,3
6.063049506,2.928151447,4.067494168,3
4.184997193,-10.57439719,8.55694205,3
5.644020425,-1.906717415,1.079654524,3
2.312096406,-4.63034177,5.173168282,3
-6.534119994,-7.97387162,6.322068255,3
-7.917664375,-6.260681275,0.330582191,3
10.03372769,-6.559110601,6.796115816,3
3.180539541,-4.300871766,9.822014004,3
4.4408737,-10.49497561,7.927167446,3
12.60486681,0.833093551,5.370548316,3
6.149033286,2.627988403,5.828133507,3
-3.394833753,7.548350898,6.705083328,3
4.741391871,5.319686072,1.044583493,3
-3.488960482,7.518364483,0.745812319,3
4.186120831,-3.665338386,6.008212178,3
5.388940549,4.420755914,9.398902678,3
9.363994992,-7.345348308,4.710167169,3
4.192151297,5.898003478,0.173486446,3
-9.355904859,-2.51087399,9.200500147,3
5.9720847,3.199122948,2.476140368,3
2.633912371,7.016823898,6.496903023,3
-9.048099963,-3.829584685,5.114411323,3
-8.928119094,2.165029899,1.509216956,3
6.360709955,0.926990316,5.569649641,3
6.360779934,0.934761144,7.357500014,3
-4.040926115,7.316871398,4.055145127,3
10.83251971,-5.400119628,5.009323834,3
9.669399717,-7.003880304,4.836638179,3
6.091872841,-0.828705052,7.030818993,3
12.27175601,3.889107982,6.374584429,3
9.546232013,-7.144793831,3.463363249,3
-0.902861433,7.916222737,4.937190639,3
7.035382601,-9.278666556,0.79888544,3
-9.084979764,-3.707075672,0.940704162,3
3.493131724,6.477581367,5.884741626,3
-6.954924284,-7.529102023,1.55014944,3
6.346340752,1.420683785,9.146930433,3
-9.370127717,0.42296325,3.394222411,3
6.336571852,0.432281701,8.976146586,3
-9.476638397,-0.883060075,7.894336525,3
1.265486689,7.583778065,6.334561163,3
-7.302726919,-7.117261845,9.521823491,3
4.969621384,-10.30947446,5.759964543,3
4.343847518,5.750907729,1.438179195,3
-9.454049941,-1.65874967,4.150406139,3
-1.416513587,7.905378279,1.499679158,3
-3.443355653,-10.0958217,9.183978334,3
5.858183458,-1.463874524,4.368305786,3
5.413959704,4.379112539,4.391025091,3
-9.013492609,-3.939568585,6.979029782,3
4.438537282,5.654527394,6.555056204,3
12.60331398,0.740084764,1.397717807,3
9.166299543,-7.552895526,9.715115563,3
-7.643371089,4.537962619,5.500169925,3
-9.289256012,-2.879750907,6.713684928,3
-4.975602984,6.868016208,4.733265489,3
3.631895121,6.373941778,6.552464343,3
-9.437730883,-1.861039379,6.526455567,3
0.617915718,-11.0342277,8.513522705,3
-2.686543023,7.735001245,2.661476128,3
4.253080333,-3.611006645,1.903709068,3
11.47894201,-4.181977696,2.345220384,3
3.16457528,6.703494783,0.987688401,3
5.974554267,3.192244429,8.694057968,3
8.690682861,-8.013698574,0.420213514,3
5.22131572,-2.580475201,9.30161132,3
6.292911342,0.063204557,1.000951929,3
6.068141619,2.911758839,9.620769157,3
6.256656235,-0.154137131,9.860857525,3
6.307042737,0.163943144,3.866598483,3
4.546951296,5.539536571,4.776136263,3
6.044563973,-0.976768779,8.111368371,3
5.716594798,-1.766878903,8.526098893,3
-1.903202297,7.864405801,5.166457468,3
-6.161118778,-8.327108327,4.163433234,3
12.21105208,4.137868584,9.510968914,3
-0.227913404,-10.97243904,2.896838395,3
4.077547198,-3.749818071,6.209590225,3
5.823959627,-1.541321523,3.333052075,3
12.43064481,3.096446129,5.955589388,3
6.17060179,-9.773825567,8.171441334,3
3.465992415,-4.151376433,7.50765969,3
0.604693744,7.752593374,6.20781875,3
1.440418426,-4.79257112,3.236634335,3
-6.592761293,-7.915014848,1.269333544,3
12.40718729,3.231798473,6.38106301,3
8.443898634,-8.233430807,6.539876328,3
-8.531108143,3.098548035,9.885924633,3
-2.186234746,7.826763116,4.941035265,3
5.673175085,3.902325333,1.564269692,3
1.82104624,-11.00990596,4.268446709,3
1.160514808,7.614818341,3.146015264,3
-4.70656274,-9.422200571,7.615411468,3
11.90105228,5.172061331,3.536955644,3
-8.782794005,-4.58056943,9.277386148,3
4.966126789,-2.905779789,9.062947487,3
-9.145265995,-3.492962773,7.740825706,3
3.997865337,-3.809087761,7.634610457,3
-8.553193291,-5.109806666,5.840786211,3
5.748827616,3.743861049,8.718937701,3
3.51371016,-10.75185442,9.423682273,3
-0.360645576,-10.95673696,9.94170848,3
-8.016771311,4.004925119,3.524817452,3
-0.188797988,-10.97675266,1.767191261,3
-8.964854802,2.06128029,8.6493085,3
-5.553868999,-8.833403925,1.140373359,3
0.169635821,7.830484267,6.1049409,3
5.356596753,-10.15478506,8.072150173,3
5.922024811,-1.310788325,0.445161441,3
-1.385545544,7.906973959,0.509897147,3
-4.233036462,7.236088027,3.684505087,3
0.244398272,-11.01504734,8.353464173,3
1.519046843,-11.02832789,8.495414052,3
6.251570905,-0.181265338,9.884066114,3
-6.101065135,6.115216519,0.74944929,4
9.661409764,-7.013158252,4.877013888,4
4.16237572,-3.684190638,7.384545098,4
-1.166211609,7.914817752,0.832666734,4
6.355021833,0.712575837,9.097813962,4
-4.984816757,-9.24237741,9.355166538,4
12.2118232,4.134838409,2.664347878,4
0.308826586,-11.01926626,4.668188519,4
-9.389821495,-2.282333736,6.746866272,4
-4.728454507,-9.408501266,2.252166816,4
-4.834975912,6.94485318,6.427953697,4
-8.719034567,-4.73627969,8.622331019,4
1.944058358,7.342124391,8.76892128,4
0.122419114,7.837407029,5.931109835,4
-4.100554403,-9.772891363,9.073500668,4
5.366311487,-2.37167876,6.728516649,4
-4.177327416,7.260098602,4.325217591,4
-7.872581994,4.220734693,1.40315813,4
-6.150939821,-8.336264939,2.080866969,4
-5.651517659,6.447371549,6.514556734,4
1.33587503,7.562042035,8.100977242,4
-9.476593973,-1.109779424,2.086691333,4
1.868281894,-4.732953405,2.046412588,4
3.099558713,-10.8396408,8.804474848,4
12.56262631,-0.0459814,7.125325557,4
-4.563120335,7.083752236,5.881279728,4
1.866173944,-4.733340679,6.661104534,4
4.91869932,-2.961191121,7.139442705,4
3.427949724,-4.17259236,4.798299582,4
-8.501830783,-5.217644203,5.733345097,4
-7.408491335,4.83487591,9.277928015,4
2.081685772,-10.98735536,1.531952487,4
-0.743191844,7.912804935,3.319055692,4
-7.405663419,-6.986415999,3.227673746,4
6.062725373,-0.921463286,1.120350573,4
6.012644432,-1.069883031,9.179142725,4
-9.028703106,-3.891785275,9.085519426,4
12.59667735,1.480073036,1.057410007,4
12.39762832,3.284605979,5.758403367,4
-8.650950491,-4.894700969,5.089864265,4
-4.529653299,7.09999784,4.912658853,4
10.8201254,-5.420523665,6.955933005,4
-3.631980965,7.470401463,1.060367031,4
6.810407833,-9.417122913,0.771928369,4
12.60528536,0.869289862,4.753350492,4
-9.408125251,-2.139950954,7.420034842,4
3.930555443,6.132488938,9.112510609,4
4.400126074,-10.50806795,8.423849386,4
5.412677252,-10.13099644,3.382109494,4
6.269722706,2.06690649,9.069808929,4
-4.542311976,-9.522621277,5.065504233,4
2.737321479,-4.491320268,3.772449917,4
4.562292738,-3.335955767,8.223221751,4
12.13327606,-2.409958371,9.749148132,4
-3.992899971,-9.829703922,4.724229011,4
12.57699231,1.851345574,2.18448763,4
4.806593255,5.241674433,9.782061933,4
12.43053625,3.097093139,0.775753784,4
4.982350159,-2.886489997,5.324077443,4
3.498353071,-10.75540135,3.166622941,4
4.771714344,-3.124189051,9.545166297,4
-6.698954668,-7.805956204,0.376175565,4
8.532286802,-8.15615485,0.346918884,4
3.384553886,6.555174335,9.034550386,4
2.248995414,7.208905033,2.411700175,4
11.97372671,-2.928040342,2.009330604,4
6.173244091,-0.536430043,5.536194383,4
-5.329113849,-9.001905495,4.540669683,4
-9.423306526,0.013770967,8.129317688,4
-9.240004871,1.104607299,9.844317441,4
12.14650179,-2.363040052,1.462327924,4
2.498776887,-4.574357979,5.583917315,4
-6.144500176,6.080647596,3.627790541,4
3.710393897,6.312988726,9.186578756,4
5.60718171,-1.974366277,3.544145802,4
-5.337429262,-8.995838626,0.924654116,4
6.19129366,2.456859369,4.58044684,4
-4.090739396,-9.778136961,7.728689522,4
-2.94605927,-10.30421607,8.193903158,4
-5.023735784,-9.216216743,7.859163766,4
-2.978451246,-10.29153495,2.747738794,4
12.51434655,-0.517497267,9.164381926,4
11.88661348,-3.180985022,9.735434651,4
8.426943789,-8.248077096,2.840732061,4
12.32540183,-1.640273828,9.086396853,4
-6.642738769,-7.8640925,6.14633953,4
2.580057639,7.045386098,7.651536304,4
5.962412451,3.225839259,7.962419528,4
11.98300672,4.927276553,5.52469495,4
2.535277928,-10.93333436,3.18854945,4
6.05436637,2.955766695,5.416934087,4
5.800692062,3.628711898,8.459678197,4
-7.303459818,-7.116345696,3.591776087,4
9.562572033,-7.126355441,3.552454293,4
11.19736751,-4.754219299,5.538304346,4
-3.312694324,7.573505489,4.408245108,4
5.633411505,-1.926416781,6.988985769,4
6.32333427,1.681522638,5.913896288,4
-3.659820449,-9.995652503,5.089883271,4
-9.465003907,-0.512439693,1.66739281,4
2.345137872,7.163505959,0.37350595,4
-5.091224155,-9.170247042,0.440370368,4
-8.769372884,-4.613982914,2.886209066,4
5.796846656,3.637449585,0.23182333,4
-3.723008867,-9.965287923,0.568602267,4
2.369806288,-4.613862964,7.149219739,4
6.346671643,0.562006012,4.265040371,4
-9.469798397,-0.617917321,9.800255825,4
-8.834586505,-4.448177239,7.929695982,4
-9.273987327,0.95085793,1.667983865,4
-7.682006616,4.486520395,6.558309009,4
11.45118653,-4.241902181,8.087018772,4
10.90339055,-5.281665261,3.139948668,4
2.946921616,-4.407302259,3.704994125,4
7.10368981,-9.235213759,6.416903308,4
-7.484210361,-6.883515672,0.516334779,4
12.60580805,1.052634567,2.059969644,4
6.229952722,2.279813905,3.307519662,4
6.428230952,-9.636571342,9.60032508,4
-6.998197282,5.297038214,1.880660043,4
-4.702370723,7.014164382,2.301699505,4
2.733399439,6.962555613,4.989415826,4
5.736825621,3.769716264,3.45292269,4
1.574858222,-4.777931096,2.017872436,4
11.80938731,-3.391424723,3.575572183,4
1.239744605,7.5915417,3.24593029,5
-7.925593271,-6.248299619,5.397197211,5
4.414355874,5.679489523,7.053128404,5
0.186768605,7.827899035,6.053893715,5
-9.037938118,1.841963654,8.38293659,5
3.986288882,-3.817512455,9.122286735,5
-8.939056348,2.134553005,1.920052045,5
-6.982203221,5.313775816,2.1078053,5
5.950598104,3.258002275,3.591039684,5
4.750518115,5.308903464,9.700387786,5
-6.166458552,-8.322295076,0.658337739,5
6.266498247,-0.099616422,2.863104648,5
-4.645369945,-9.460097535,9.717359508,5
4.477189783,-3.415847294,8.276626889,5
2.448228048,-4.590285429,4.834219911,5
-6.020172445,-8.451758693,4.933037879,5
11.52450559,-4.081709795,0.879733674,5
-1.314112247,7.910193967,5.742123881,5
12.56627907,-0.001149734,3.764780811,5
6.352985973,1.307931373,7.472114749,5
12.41456805,-1.18620772,1.239686082,5
-8.676065089,-4.837145293,7.169831011,5
-1.860020358,7.86925233,5.927649494,5
0.589893454,7.75566693,8.580850349,5
2.143232138,-10.98112832,1.40764341,5
12.60509706,1.141936452,6.076245322,5
4.290035191,-3.580264538,2.878678693,5
2.454152058,7.109982317,0.796321612,5
-2.769918377,7.716530708,7.023760916,5
4.512990963,5.576110301,8.56093307,5
6.035134908,-9.842679876,7.318353138,5
-1.528784741,-10.74605652,0.688147023,5
-3.846144912,7.393071627,9.150981086,5
-8.002737645,-6.125697632,1.678083977,5
1.370973884,7.550924048,4.77285621,5
-8.116966751,3.846493206,2.606233608,5
-5.437790544,-8.921612861,0.027217523,5
-6.417862215,-8.087794746,1.189184741,5
3.000329597,6.806917829,9.810737215,5
-8.764914082,-4.625006138,9.527387624,5
11.99998035,-2.848110677,6.980307458,5
6.082696383,2.86405768,5.721922386,5
-7.838398479,4.269958354,0.440785384,5
10.26440224,-6.253257879,5.22744175,5
-2.755325954,-10.37643753,6.758320779,5
-9.348400914,0.558721419,0.584559846,5
4.205707768,5.885207498,9.198566405,5
-8.570547226,-5.07259882,1.107158542,5
5.480450825,-2.1922801,9.175323874,5
-9.305098288,0.797865843,9.594560524,5
-6.839954047,5.458818845,8.04241095,5
12.48952587,2.709155029,1.945878919,5
-9.297193061,-2.839784888,9.561002424,5
-3.850125597,7.391570838,2.139047217,5
-4.082488123,7.299873516,2.774783394,5
4.907681089,-2.973859638,7.20400352,5
-6.003193405,6.191451104,0.288798409,5
-6.702294133,-7.80247362,2.609410917,5
6.136961675,2.673549158,3.024529794,5
-0.569414758,-10.92869466,7.431973235,5
2.462645651,-4.585801178,6.251230275,5
-1.005666237,7.916715985,5.356170849,5
-1.105044274,7.915924292,1.216263203,5
-5.806164735,6.338199036,0.743466485,5
4.595123384,-3.304222058,7.814391798,5
4.633179834,-3.266778021,1.78786017,5
6.816129274,-9.413688822,0.807212666,5
6.973463462,-9.317480726,9.397047667,5
-9.476161991,-1.141080902,9.770277797,5
10.84985829,-5.371422488,5.382904282,5
4.78442854,5.268451059,1.662875193,5
-9.350884346,0.5438312,4.872725869,5
1.520667624,-4.784281437,3.483019795,5
-7.982482034,-6.158271084,9.406876692,5
5.884501008,-1.40220795,9.298544971,5
4.620207186,5.45885067,9.756951239,5
-8.869377769,-4.355934605,1.336275032,5
3.671803039,-4.029337651,9.114202391,5
-4.957984174,6.877834172,7.245974615,5
-0.38412458,-10.95378779,6.487061137,5
5.932523216,-1.284416551,9.71805674,5
7.943785085,-8.642745252,7.903159016,5
1.688379399,-4.762656322,5.012657854,5
-3.528417714,7.505422808,8.175446175,5
2.391129761,-4.60758765,4.410778482,5
-5.620067436,6.468950798,2.266995949,5
-3.607324318,7.478878436,2.969392482,5
4.428474423,5.664944754,3.707624639,5
-9.39712994,0.232772311,4.069651298,5
6.292001881,1.926352999,4.070686065,5
12.47180435,2.834471992,1.059118148,5
-5.279410244,-9.037907564,0.973398832,5
5.878419674,-1.416629264,0.578120803,5
-4.903656046,6.907761591,2.728770373,5
1.180600942,-11.03916478,1.875159608,5
1.894705728,-11.0041586,0.673524423,5
8.278884602,-8.373612323,7.445765235,5
3.828267554,-3.927960623,8.918508049,5
-6.140122592,-8.34596897,6.82304828,5
5.717871819,-1.764334247,9.751537202,5
11.28931228,-4.575544916,6.438472054,5
-2.434942236,-10.48853177,5.407556829,5
0.223906188,-11.01362565,4.677752554,5
5.013633192,4.977703157,6.723198718,5
8.114746251,-8.50796664,3.860401451,5
-5.869793669,6.291766327,0.590737497,5
3.110270206,-4.334343897,7.695488839,5
11.45739376,-4.228574439,3.528669744,5
-6.338764559,-8.163277275,9.899013855,5
2.359943508,-4.616731383,7.212873499,5
12.59658206,1.482554809,1.280581763,5
-7.845190858,-6.372045903,8.133196633,5
-7.682548491,4.485793331,4.876071743,5
4.865122379,-3.022089808,4.357396765,5
11.25836406,-4.636502234,5.172529626,5
-8.412402907,-5.397848341,8.050288921,5
0.559157103,7.761953396,0.816185493,5
7.425769175,-9.021100534,1.768784246,5
4.024392818,-3.78960585,1.179004072,5
0.029178307,7.850210543,3.369205678,5
1.432925032,7.530842772,4.929565354,5
-6.659743617,5.633219541,6.16874862,5
5.841881058,-1.501137906,7.486419035,5
5.492476615,4.243909718,3.997515771,5
3.352576209,6.5774614,2.450211961,5
6.28808688,1.9525553,4.414454286,6
-0.695165224,-10.9098158,3.298078747,6
3.056409816,-4.359142159,9.884550115,6
7.457924218,-8.998865089,4.968419939,6
9.66164159,-7.012889327,2.085236332,6
-9.191636252,1.304715508,7.096288772,6
-0.260628531,-10.96872172,1.743477676,6
4.931126692,-2.946810842,2.367087086,6
-5.602677697,6.480793905,5.310307031,6
5.018249841,4.971510807,3.701340528,6
9.763325476,-6.893344691,3.404234068,6
-8.741730037,2.639530351,6.500031324,6
12.60457192,0.81179686,3.869194428,6
3.049641961,-10.84912615,1.493240935,6
-9.046277203,-3.835492418,3.741999557,6
3.255458854,6.643617371,7.508944576,6
-2.660320785,-10.41086956,9.527123384,6
6.12647048,-0.711212711,8.610594065,6
4.420443722,-3.467289579,8.269720278,6
-2.995810102,7.661844261,7.52094971,6
9.0992169,-7.621082464,9.601730572,6
12.0812539,4.609915782,4.115181102,6
5.952376836,-1.233522009,5.602713784,6
-0.604135762,-10.92363195,3.800466198,6
-7.181609053,5.098526498,8.361559357,6
3.374773418,-4.201568918,4.974354575,6
2.284260509,7.192446496,8.467631675,6
1.448790605,-4.791768371,3.499325656,6
-7.331691703,-7.080888606,0.190706856,6
5.828847519,3.56369147,0.368234236,6
-2.219686472,-10.55752791,0.145982578,6
-4.891566491,-9.304036472,1.141168824,6
0.580911112,7.75751754,8.055666215,6
10.90953807,-5.271243681,6.083272714,6
-9.396296256,0.239095429,0.624230548,6
-2.643512744,-10.41685572,4.372296019,6
-3.97346819,-9.839790341,0.050038414,6
12.50342916,-0.604719069,7.571785969,6
10.58363552,-5.793417348,9.08945532,6
12.54912567,2.193793509,5.134634667,6
-0.97113772,7.916699259,8.523327222,6
-5.379079861,6.62758151,3.215321624,6
-1.71339833,7.883945103,1.276417929,6
6.535598247,-9.57686838,8.746468674,6
12.56414149,2.023606657,0.935855731,6
1.415869991,-11.03272942,0.080627683,6
-1.070480574,7.916340961,3.971015962,6
12.14490969,4.387166537,2.709044046,6
11.87620568,-3.210052628,1.546965584,6
1.498375548,-11.02928688,2.72035396,6
1.575280511,7.482458097,8.589447103,6
6.341045189,0.48554,5.053416993,6
-6.107262514,6.110312179,0.471010755,6
3.949304713,-10.64174316,3.311440903,6
-1.910319197,7.863584315,5.39282416,6
6.347145889,0.569095599,1.963054338,6
12.5062853,-0.58237566,6.205767493,6
5.995691168,3.132379122,3.232781223,6
5.078084216,-2.769000778,1.332722404,6
2.01755233,-10.99347708,6.302946606,6
3.139635287,6.719590987,2.019315991,6
11.61577705,-3.873236072,4.358021866,6
6.042769983,2.992009665,8.34515922,6
-7.288088881,-7.135514586,5.425237163,6
4.995870154,-2.870280808,4.305816651,6
5.012851134,4.978750726,2.915662306,6
-2.237604423,-10.55197483,2.860702088,6
1.441381502,-4.792479514,7.530065312,6
1.951081036,-4.717000964,1.675486574,6
-9.253087526,1.046871614,0.765486029,6
3.983257497,-10.63238133,8.660921985,6
6.318398982,1.725534225,9.73450199,6
1.854107746,-4.735539516,9.578070801,6
-6.702092547,5.593135651,3.576812262,6
0.087286327,7.842366255,0.29984673,6
4.678219779,-10.41532235,1.589661737,6
0.631733151,7.746899942,0.882028311,6
0.121053197,-11.00590707,1.150425556,6
-2.310834394,-10.52892211,6.284950403,6
1.10564423,-11.04016333,9.284405995,6
-8.834996538,2.411844678,3.954397012,6
3.231760788,-4.275662444,0.194931568,6
5.876864178,3.448246211,8.007843054,6
-8.41102199,-5.400560663,8.424555296,6
5.032800788,-2.825371642,4.169980232,6
-0.479051961,-10.94133625,6.62969297,6
-8.291698476,3.551138025,9.268135969,6
-1.704930825,-10.702655,1.873838983,6
-8.167842589,-5.849223554,8.388660306,6
-5.925748255,-8.532752732,7.849845572,6
5.350815519,4.482966305,9.308696499,6
10.8192811,-5.421910276,9.384452021,6
9.520516781,-7.173656161,1.855628472,6
6.824229515,-9.408819267,7.795309545,6
12.26500687,3.917864352,6.565330804,6
2.543446629,-4.559802514,1.166113319,6
6.360761455,0.932603371,4.837691835,6
-8.185445763,-5.818513539,6.927639383,6
6.294707741,1.907802378,3.044604373,6
4.000865154,6.071705821,4.577603424,6
4.672833564,5.399315004,5.459752588,6
12.1628053,4.321671188,4.374948195,6
-5.251932557,6.706647703,3.067662353,6
-0.547414603,-10.93184347,4.078919268,6
-4.344336722,7.186665192,2.682849867,6
-1.715408938,7.88376202,4.763809158,6
3.552303773,-4.101709858,1.925307531,6
-5.657209016,6.443444299,8.162795401,6
-8.205993042,-5.782345112,3.368853319,6
2.213321418,-4.656849528,5.959509341,6
-8.925675139,2.171793916,5.818563418,6
0.252678745,7.817588602,0.434910988,6
-9.455919574,-1.631476675,4.467036158,6
3.235456726,6.656961816,5.74283395,6
5.265765989,4.616672358,9.234387553,6
-8.839289746,2.40092538,8.284028396,6
3.502445993,6.470784383,7.36827075,6
-6.638513652,-7.868425018,9.910637883,6
1.129279129,7.623739956,3.955725189,6
2.203817691,7.229665187,7.950600144,6
1.470678756,7.518316616,9.812162062,6
5.792502113,-1.609991866,2.603118138,6
10.40256072,-6.059841293,6.263350891,6
3.519679473,-4.120735523,1.222002278,6
3.200688007,-4.291037599,4.296042481,6
-8.849312244,2.375271974,4.977444652,7
-1.943927184,-10.63870473,6.057117567,7
12.32973842,-1.62009837,5.240591776,7
-1.293639288,-10.79914437,4.528674355,7
-1.370946697,-10.78229792,7.751450003,7
11.56145346,-3.998587427,0.655991449,7
6.099251739,2.808176589,9.931854038,7
-3.426243024,7.538483061,4.828010374,7
6.358837005,0.822192634,0.885256981,7
5.298203781,-2.472206046,8.837749751,7
-4.742260846,6.99363014,7.956592117,7
9.791752464,-6.859346473,5.231632306,7
4.829703273,-3.061398912,3.984524596,7
-3.264353119,7.587871684,5.907224934,7
11.80491664,5.440362605,0.872062074,7
6.19247884,-0.457856193,0.787431053,7
0.514844424,7.770787966,9.346764912,7
-8.858697931,-4.384549575,4.568503494,7
7.395384135,-9.041965828,7.394616816,7
6.083500692,-0.855886381,9.607650258,7
-6.102627664,-8.379393478,4.054039628,7
12.05961948,-2.65925658,3.720477964,7
12.60029382,0.620068227,6.850063181,7
3.678905764,6.337645758,0.382436838,7
-0.111049893,7.867312335,1.16850249,7
9.549779762,-7.140797024,9.831709284,7
-4.985288618,-9.24206175,3.118174446,7
0.198276382,-11.01179324,0.158586726,7
-2.594607723,7.754306808,1.473822512,7
1.478759856,-4.788776306,9.402041654,7
-5.487627196,-8.884055968,5.301082646,7
-7.737718846,4.410942207,1.443999333,7
6.344331792,0.528640839,1.489218376,7
2.94627755,6.839650009,3.365573017,7
0.855054959,7.695976903,3.144489671,7
5.977173834,-1.167951224,3.586615261,7
-1.216659472,-10.81533304,7.447404286,7
3.856341873,-3.908945142,4.70983976,7
5.879071562,-1.415088413,1.362906066,7
4.886172173,-10.3407057,0.5276488,7
5.407885653,-10.13304275,2.170104273,7
-0.313320032,7.887463881,1.035968007,7
-1.432396122,-10.76848404,0.933820889,7
12.55413703,-0.14331857,7.470898055,7
-7.308805148,-7.109657267,2.192085269,7
3.644034907,-4.04653635,9.997807846,7
3.910951503,-3.871213506,2.903308063,7
5.829036688,-9.943171171,8.416142459,7
5.223926106,-2.576884939,9.249371565,7
-6.98993891,5.305691614,6.349532988,7
-1.970037945,7.85643755,3.423719516,7
-8.396309905,3.360989452,1.669005512,7
0.929922828,7.677329248,3.08431952,7
-6.481300518,-8.026078455,2.26988083,7
11.94524427,-3.012734042,3.936765434,7
5.822827291,-1.543833875,2.053749361,7
5.772509286,-1.652472371,7.568219022,7
1.20384843,7.602202861,8.225779636,7
5.72916765,-1.741691202,0.75721866,7
11.72789527,-3.601487438,6.976179178,7
-5.56700628,-8.823257907,4.987495842,7
4.28865781,-3.58142019,0.810721852,7
-4.145955858,7.273408442,3.028879308,7
4.902297132,-2.980022476,0.634754242,7
2.707398321,6.976929343,4.894422425,7
-1.336294698,7.909262851,8.478169797,7
-9.185941568,-3.336767517,0.762496353,7
-3.162930161,7.616966206,0.229295497,7
4.186123173,-10.57406216,8.955901938,7
5.223331631,-10.2099094,1.90984444,7
-7.107587743,5.180129169,0.121689327,7
6.050365313,-0.959296473,5.669119267,7
12.48785259,2.721382477,5.922962481,7
8.140520855,-8.487195641,6.519440145,7
5.746434242,3.749039695,3.516432382,7
-7.893702756,-6.297858857,5.807305253,7
0.621498539,-11.03435005,3.662854023,7
0.591778247,7.755277198,5.692230735,7
6.287743858,1.954816872,5.312653037,7
4.208295059,-10.56743926,0.947322284,7
-8.37107229,-5.478154612,2.80614553,7
1.291036454,-11.03676748,8.515073552,7
1.806037981,-11.01101662,2.041536167,7
-8.045245838,-6.056421279,8.917179951,7
-2.121759621,-10.58727335,7.346877439,7
3.4024887,-4.1865646,7.050152102,7
2.328417764,-10.96030682,9.621195693,7
12.59917402,1.409769594,6.583342894,7
-9.059367916,-3.792765669,0.067093021,7
12.21286937,4.130722475,7.91674244,7
-9.432836748,-0.079151508,9.121403976,7
12.6050203,0.845359301,0.46532287,7
-7.591972898,-6.737754652,8.57245968,7
-9.264167303,-3.000700352,3.844673773,7
2.821658295,-10.88948346,0.593535495,7
11.23719967,-4.677705309,2.73788701,7
8.237812778,-8.40769825,8.820274214,7
-3.40901085,-10.11117559,1.814874813,7
10.84250631,-5.383612786,6.479249205,7
12.49357491,-0.679474766,9.649063826,7
12.53085297,2.372656222,4.538430828,7
6.361001883,0.993271562,8.546887867,7
12.00037266,-2.846902159,3.644194845,7
1.925509099,7.349714948,6.980979538,7
-8.536172606,-5.145914353,3.78005388,7
1.645707201,-4.76871167,3.748106365,7
1.580545234,-4.777229442,9.052424929,7
12.55541847,2.125613283,5.026262174,7
-6.616044975,-7.891379161,5.177346771,7
-3.821284319,-9.917032757,8.615465378,7
5.330485484,-2.425124808,5.377982485,7
-6.489803276,-8.017725207,3.834048349,7
-0.698372321,-10.90931467,8.011839592,7
11.30972422,-4.534868964,9.49353701,7
11.04235428,-5.04003326,7.683055424,7
4.060980613,-3.762327232,9.486153959,7
-5.469611518,-8.897686733,0.829553674,7
-3.060469434,-10.25887878,9.80750306,7
0.131003122,-11.00669627,2.378953295,7
3.871705256,-10.66271344,5.463445599,7
-3.244812408,-10.18258167,1.410256927,7
-4.673716779,-9.442614431,7.877858575,7
5.959605555,3.23352678,8.496175788,7
-6.199832146,-8.292058686,2.874977353,7
-7.23445564,5.03898244,3.023632206,7
6.246755996,2.194545313,3.821234989,8
12.56670074,1.991688744,5.941701012,8
5.179616046,4.74557942,0.993724589,8
11.20485407,-4.739939272,7.699934898,8
5.363988477,-10.15166973,5.314836218,8
12.54659428,2.220143514,5.674239649,8
6.014795272,-1.063761083,5.887877799,8
-4.869948358,-9.318127414,4.454695291,8
3.101998039,-10.83917127,2.043641999,8
4.516516544,-10.47022077,9.117098032,8
7.103770477,-9.235162048,3.634640307,8
7.881578842,-8.690522166,6.829283366,8
4.840063806,-10.35764386,2.069497362,8
-1.500808663,-10.75266177,8.92168999,8
4.216103811,5.875349346,2.020226533,8
3.580615532,6.412841795,2.306630893,8
6.33020088,0.36433444,6.262363987,8
-9.14226661,-3.504074868,3.251500125,8
5.685356035,-10.01024971,0.187807791,8
-3.705812516,-9.973602472,0.47460608,8
-2.25775304,-10.54568942,8.595636038,8
-5.608039154,6.477149246,4.069679931,8
12.44384877,-1.013815986,1.641656945,8
6.062390027,2.930263604,0.492786823,8
-9.060387936,1.770646744,9.928698086,8
1.530399962,-11.02778475,9.950721154,8
-8.202328335,3.705430175,1.721754989,8
4.054061125,6.02464971,6.480619989,8
12.20881067,-2.13168104,0.220841067,8
6.283513113,0.002061896,6.512836535,8
4.66362904,-3.23629701,9.820391382,8
-7.806423589,4.315368042,7.428113932,8
-8.976367693,2.027925122,8.158783668,8
12.54110439,2.275414671,6.808225429,8
11.76378243,-3.510390047,5.412291288,8
-3.063446879,7.64413767,8.007394359,8
2.928510173,6.850271844,4.76662301,8
4.683089537,-3.216568096,9.92483,8
12.58681466,0.303404676,4.475582675,8
1.594044783,-4.775537079,0.61419135,8
1.749843113,-4.75326864,1.638928154,8
5.220254096,4.685547503,7.665518192,8
3.587865443,-4.080616786,6.587102995,8
-8.144512021,-5.889541411,1.937650894,8
-3.877113077,-9.889054664,6.92283117,8
-7.605222686,4.588001638,8.046077283,8
9.231118386,-7.485949704,0.577231555,8
1.465078045,-11.03075033,5.247324216,8
6.338816531,0.45832744,7.866390876,8
8.131035204,-8.49485382,9.590281488,8
6.358565721,0.812119833,9.645074715,8
3.63205451,6.373819749,3.413616261,8
7.234529215,-9.150093513,6.729000425,8
-2.017766244,-10.61775183,6.221699279,8
5.441414433,-2.255282085,0.06467622,8
5.40954931,4.386501879,3.609336107,8
8.65714816,-8.04429328,6.301121574,8
6.34492704,0.53689234,0.152533597,8
4.352267197,-3.52724139,0.59157121,8
6.11801094,-0.740761437,0.948723017,8
1.965089536,-4.714158808,6.266699436,8
-8.703143614,-4.773944762,8.725680416,8
-8.654912327,-4.885687456,0.51871659,8
2.986785159,-10.86073794,3.160742773,8
10.59326214,-5.778813505,0.163900175,8
12.59378887,1.550377964,0.991730627,8
4.606301781,-3.2932977,5.925666371,8
-4.105468591,7.290362178,7.551642286,8
2.888483122,6.873954643,7.387121858,8
-9.269400182,-2.976102289,7.534233253,8
6.1327602,2.689105941,0.873904959,8
-9.418651743,-2.049315198,1.504023571,8
-9.008448181,-3.955230912,5.373524525,8
0.550319474,7.763736872,4.546062825,8
-9.473292733,-1.270069872,4.803789437,8
12.45949061,-0.915136561,5.543035355,8
-4.779066812,-9.376540793,8.255189001,8
6.299070238,1.877071442,2.403579692,8
-8.938378707,-4.164103277,1.817470756,8
6.355117557,1.262118702,4.631397328,8
-4.035240861,7.319176161,7.85215314,8
3.632615343,6.373390318,1.283144266,8
-4.000287178,7.333238837,7.919706516,8
3.778384918,-3.961119095,0.579932835,8
-3.558213978,7.495503513,5.800857034,8
3.043186877,-4.365117756,0.975891748,8
-7.604297068,4.58920662,9.791614129,8
6.320645709,1.705834579,1.934678727,8
1.137272588,-11.03980399,2.42501199,8
2.633677526,-4.529012239,7.750204795,8
2.301011443,-4.63342299,8.211486919,8
1.84141476,-11.00836594,0.009523316,8
4.403190405,5.69093367,6.815529622,8
2.406831885,7.133485969,0.027791769,8
10.65644426,-5.681799326,0.842816089,8
1.961176823,-10.99854923,6.455823085,8
-1.718209621,-10.69925562,5.967998814,8
-4.87343662,6.924183449,5.905170587,8
2.127832993,-4.678079373,7.880947778,8
-1.586178338,-10.73225943,7.464791222,8
1.976261469,-4.71186236,2.210970863,8
-8.767642703,2.578008244,6.238341853,8
-9.409145352,0.137628942,4.572148083,8
-9.168099158,-3.406595513,7.500306258,8
-2.780853117,7.714040093,2.753602099,8
12.40283212,3.256015124,4.532390255,8
-9.433217722,-1.909099675,5.413064167,8
3.738208024,6.29097443,5.804144426,8
-4.926543504,6.895217296,7.634699719,8
2.972520637,6.823837044,1.827253764,8
-9.171010471,1.384568075,6.825005601,8
-8.62663821,2.898676883,3.940111923,8
12.60427873,0.792815493,9.375237988,8
5.561557981,-2.05533225,4.159271324,8
12.07178929,4.641791333,8.52139808,8
5.476455517,-2.198811247,0.901512818,8
-9.274119783,0.950233411,4.205819126,8
-6.168406904,6.061424053,3.701350826,8
5.380805271,-10.14455933,8.485253563,8
6.328182732,0.344328321,3.260717664,8
-8.793958068,-4.552502961,3.581229884,8
-9.37197207,0.410814411,7.735867836,8
6.358665828,0.815768097,5.873342017,8
5.683812883,-1.831179078,6.119200189,8
12.13545421,-2.402280016,6.903494205,8
-8.657703158,2.830848941,4.91023398,8
